state,from_date,to_date,ipc_total_number,ipc_phase3plus_number,ipc_phase4_number,ipc_phase5_number,ipc_phase3plus_pct,ipc_phase4_pct,ipc_phase5_pct
Central Equatoria,2017-01-01,2017-01-31,1398314,339743,35967,0,0.24296617211870866,0.02572169055019116,0.0
Central Equatoria,2017-02-01,2017-04-30,1398314,383203,55630,0,0.2740464588068202,0.03978362513712943,0.0
Central Equatoria,2017-05-01,2017-05-31,1609344,532768,123744,0,0.3310466873458999,0.07689095681221665,0.0
Central Equatoria,2017-05-01,2017-07-31,1398314,491701,28786,0,0.3516384731898558,0.02058622026240172,0.0
Central Equatoria,2017-06-01,2017-07-31,1609344,597411,142501,0,0.37121398532569794,0.08854601626501232,0.0
Central Equatoria,2017-09-01,2017-09-30,1042662,474628,147051,0,0.45520791972854097,0.14103419900216946,0.0
Central Equatoria,2017-10-01,2017-12-31,1042662,392744,145966,0,0.3766743201536068,0.13999359332170924,0.0
Central Equatoria,2018-01-01,2018-01-31,1060192,552464,39646,0,0.5210980652561046,0.03739511333796142,0.0
Central Equatoria,2018-01-01,2018-03-31,1042662,491559,202044,0,0.47144616376160253,0.1937770821224903,0.0
Central Equatoria,2018-02-01,2018-04-30,1060192,637093,91010,0,0.6009222857746521,0.08584294165585102,0.0
Central Equatoria,2018-05-01,2018-07-31,1060192,677464,104061,0,0.639001237511696,0.09815297606471281,0.0
Central Equatoria,2018-09-01,2018-09-30,1230376,265021,40783,0,0.21539838228313946,0.033146777895537625,0.0
Central Equatoria,2018-10-01,2018-12-31,1230376,186517,15867,0,0.15159349662217078,0.012896057790464053,0.0
Central Equatoria,2019-01-01,2019-01-31,1100161,550123,55008,0,0.5000386307095053,0.049999954552106464,0.0
Central Equatoria,2019-01-01,2019-03-31,1249162,167694,10977,0,0.1342451979807263,0.008787491134056271,0.0
Central Equatoria,2019-02-01,2019-04-30,1100161,581833,110016,0,0.5288616847897717,0.09999990910421293,0.0
Central Equatoria,2019-05-01,2019-07-31,1100161,636843,131036,0,0.5788634572576196,0.11910620354657182,0.0
Central Equatoria,2019-08-01,2019-08-31,1453508,399048,54811,0,0.2745413165940607,0.03770945877146875,0.0
Central Equatoria,2019-09-01,2019-12-31,1453508,316888,12324,0,0.21801599991193718,0.008478797502318529,0.0
Central Equatoria,2020-01-01,2020-01-31,1453508,586380,103220,0,0.4034239921624098,0.0710144010215286,0.0
Central Equatoria,2020-01-01,2020-04-30,1453508,380577,34138,0,0.2618334402012235,0.0234866268365912,0.0
Central Equatoria,2020-02-01,2020-04-30,1453508,670150,111474,0,0.46105697388662464,0.07669307633669716,0.0
Central Equatoria,2020-05-01,2020-07-31,1453508,695429,101917,0,0.4784486910288763,0.07011794912721499,0.0
Central Equatoria,2020-10-01,2020-11-30,1507980,686000,206000,0,0.454913195135214,0.13660658629424793,0.0
Central Equatoria,2020-12-01,2021-03-31,1507980,421000,66000,0,0.279181421504264,0.04376715871563283,0.0
Central Equatoria,2021-04-01,2021-07-31,1507980,777000,226000,0,0.5152588230613138,0.14986936166262152,0.0
Central Equatoria,2022-02-01,2022-03-31,1545679,806720,153811,0,0.5219194929865775,0.09951031229640825,0.0
Central Equatoria,2022-04-01,2022-07-31,1545679,843272,177904,0,0.5455673526003783,0.1150976367020578,0.0
Central Equatoria,2022-10-01,2022-11-30,1548616,613168,103613,0,0.39594579934599666,0.0669068381057667,0.0
Central Equatoria,2022-12-01,2023-03-31,1548616,542575,67211,0,0.3503612257654577,0.04340068809827614,0.0
Central Equatoria,2023-04-01,2023-07-31,1548616,805721,194135,0,0.5202845637653234,0.12536032173243722,0.0
Central Equatoria,2023-09-01,2023-11-30,1324520,622198,175454,0,0.4697535711050041,0.13246610092712832,0.0
Central Equatoria,2023-12-01,2024-03-31,1324520,435145,109228,0,0.3285303355177725,0.08246610092712832,0.0
Central Equatoria,2024-04-01,2024-07-31,1324520,685367,189586,0,0.5174455651858787,0.1431356264911062,0.0
Central Equatoria,2024-09-01,2024-11-30,1595075,760000,122000,0,0.4764666238264658,0.07648543171951162,0.0
Central Equatoria,2024-12-01,2025-03-31,1595072,622000,94000,0,0.38995104923163343,0.05893150904786743,0.0
Central Equatoria,2025-04-01,2025-07-31,1595072,837000,171000,0,0.5247412029049472,0.10720519199133331,0.0
Central Equatoria,2025-09-01,2025-11-30,1740513,751283,70899,0,0.43164457835132514,0.040734542057427894,0.0
Central Equatoria,2025-12-01,2026-03-31,1740513,615955,38719,0,0.3538927890800011,0.022245740192690315,0.0
Central Equatoria,2026-04-01,2026-07-31,1740513,921672,125743,0,0.5295404285977755,0.07224479219632372,0.0
Eastern Equatoria,2017-01-01,2017-01-31,1010190,362967,77284,0,0.35930567517001755,0.07650441996060148,0.0
Eastern Equatoria,2017-02-01,2017-04-30,1010190,453062,108115,0,0.44849186786644096,0.10702442114849682,0.0
Eastern Equatoria,2017-05-01,2017-05-31,1162642,549142,138042,0,0.4723225206039348,0.11873130335907356,0.0
Eastern Equatoria,2017-05-01,2017-07-31,1010190,384751,75234,0,0.3808699353586949,0.07447509874380068,0.0
Eastern Equatoria,2017-06-01,2017-07-31,1162642,541602,112767,0,0.465837291272808,0.09699202333994471,0.0
Eastern Equatoria,2017-09-01,2017-09-30,965231,590729,197477,7931,0.6120079027714609,0.20459040374791113,0.008216685953932271
Eastern Equatoria,2017-10-01,2017-12-31,965231,504312,139651,0,0.5224780389357574,0.14468142859066896,0.0
Eastern Equatoria,2018-01-01,2018-01-31,994189,314682,81178,0,0.3165213053051281,0.08165248257625059,0.0
Eastern Equatoria,2018-01-01,2018-03-31,965231,480262,132305,0,0.49756172356669026,0.13707081517274103,0.0
Eastern Equatoria,2018-02-01,2018-04-30,994189,375773,117472,0,0.3779693800675727,0.1181586197393051,0.0
Eastern Equatoria,2018-05-01,2018-07-31,994189,434108,139671,0,0.43664534610622324,0.14048737211938575,0.0
Eastern Equatoria,2018-09-01,2018-09-30,994189,382166,85001,0,0.38439974692940676,0.08549782787779789,0.0
Eastern Equatoria,2018-10-01,2018-12-31,994189,372681,58617,0,0.3748593074355077,0.058959614318806586,0.0
Eastern Equatoria,2019-01-01,2019-01-31,1031669,570919,126664,0,0.5533935787544261,0.12277581278491455,0.0
Eastern Equatoria,2019-01-01,2019-03-31,1031669,377788,54468,0,0.36619109423662044,0.05279600336929771,0.0
Eastern Equatoria,2019-02-01,2019-04-30,1031669,590441,150579,0,0.5723163146319217,0.14595669735157304,0.0
Eastern Equatoria,2019-05-01,2019-07-31,1031669,585689,136108,0,0.5677101861158957,0.13192991162863282,0.0
Eastern Equatoria,2019-08-01,2019-08-31,1067162,561745,150192,0,0.5263914944497649,0.1407396440278046,0.0
Eastern Equatoria,2019-09-01,2019-12-31,1067162,378545,58642,0,0.35472121383632477,0.054951356963610025,0.0
Eastern Equatoria,2020-01-01,2020-01-31,1067162,340189,73427,0,0.31877915443016147,0.06880586077840103,0.0
Eastern Equatoria,2020-01-01,2020-04-30,1067162,488090,101577,0,0.45737198288544756,0.09518423632025878,0.0
Eastern Equatoria,2020-02-01,2020-04-30,1067162,461839,119168,0,0.4327730934947084,0.11166814410558097,0.0
Eastern Equatoria,2020-05-01,2020-07-31,1067162,437959,94140,0,0.41039598486452855,0.08821528502701557,0.0
Eastern Equatoria,2020-10-01,2020-11-30,1097900,457000,109000,0,0.41624920302395485,0.09928044448492576,0.0
Eastern Equatoria,2020-12-01,2021-03-31,1097900,417000,76000,0,0.3798160123872848,0.06922306220967302,0.0
Eastern Equatoria,2021-04-01,2021-07-31,1097900,505000,139000,0,0.45996903178795884,0.12660533746242827,0.0
Eastern Equatoria,2022-02-01,2022-03-31,1125346,494124,150759,0,0.43908628990550463,0.13396679776708675,0.0
Eastern Equatoria,2022-04-01,2022-07-31,1125346,545338,150765,0,0.4845958487434087,0.13397212946062811,0.0
Eastern Equatoria,2022-10-01,2022-11-30,1127486,475431,142805,0,0.4216735285404874,0.12665789198269425,0.0
Eastern Equatoria,2022-12-01,2023-03-31,1127486,513757,159587,0,0.45566596835792195,0.14154233400680807,0.0
Eastern Equatoria,2023-04-01,2023-07-31,1127486,578536,213442,0,0.5131203402969083,0.18930789384524507,0.0
Eastern Equatoria,2023-09-01,2023-11-30,981903,364329,119176,0,0.3710437792735128,0.12137247772947023,0.0
Eastern Equatoria,2023-12-01,2024-03-31,981903,317083,81612,0,0.3229270101018125,0.08311615302122512,0.0
Eastern Equatoria,2024-04-01,2024-07-31,981903,447039,165116,0,0.4552781690248426,0.1681591766192791,0.0
Eastern Equatoria,2024-09-01,2024-11-30,1161311,464000,132000,0,0.39954844137358553,0.1136646428045545,0.0
Eastern Equatoria,2024-12-01,2025-03-31,1161306,482000,168000,0,0.4150499523811984,0.1446647136930318,0.0
Eastern Equatoria,2025-04-01,2025-07-31,1161306,525000,157000,0,0.4520772302907244,0.1351926193440833,0.0
Eastern Equatoria,2025-09-01,2025-11-30,1218368,371828,69270,0,0.3051852970531071,0.0568547433944424,0.0
Eastern Equatoria,2025-12-01,2026-03-31,1218368,433482,127757,0,0.3557890555234543,0.10485912302358565,0.0
Eastern Equatoria,2026-04-01,2026-07-31,1218368,511866,153589,0,0.4201242974208121,0.12606125571255974,0.0
Jonglei,2017-01-01,2017-01-31,1822088,727747,127912,0,0.39940277308231,0.07020078064286686,0.0
Jonglei,2017-02-01,2017-04-30,1822088,975052,221035,0,0.5351289290089173,0.12130863053815183,0.0
Jonglei,2017-05-01,2017-05-31,1822087,1208646,384171,8911,0.6633305654450089,0.21084119473987795,0.004890545841115161
Jonglei,2017-05-01,2017-07-31,1822088,1198823,265363,0,0.657939133565448,0.14563676397627337,0.0
Jonglei,2017-06-01,2017-07-31,1822087,1137225,331198,17821,0.6241332054945785,0.18176848855186387,0.009780542861015967
Jonglei,2017-09-01,2017-09-30,1724691,1129096,380401,16792,0.6546656763443423,0.22056182817675746,0.009736236809956103
Jonglei,2017-10-01,2017-12-31,1724691,1026352,338528,8317,0.5950932659821383,0.19628327625064432,0.004822313098404294
Jonglei,2018-01-01,2018-01-31,1744474,950462,262897,0,0.5448415969512873,0.15070273331674763,0.0
Jonglei,2018-01-01,2018-03-31,1724691,1204955,446926,0,0.6986497871212872,0.25913395500991193,0.0
Jonglei,2018-02-01,2018-04-30,1744474,1194785,476854,27111,0.6848969947388153,0.27335116487835304,0.015541074272244814
Jonglei,2018-05-01,2018-07-31,1744474,1325571,595761,89702,0.7598685907614559,0.34151325843778696,0.05142065745892458
Jonglei,2018-09-01,2018-09-30,1744474,1091592,275196,4932,0.6257427740396245,0.15775299603204174,0.0028272132459411835
Jonglei,2018-10-01,2018-12-31,1744474,942983,198889,14496,0.5405543447480444,0.11401087089862044,0.008309668129189658
Jonglei,2019-01-01,2019-01-31,1810241,1160090,285058,20160,0.6408483732276531,0.15746964078263612,0.011136638712745983
Jonglei,2019-01-01,2019-03-31,1810241,1181850,351161,24966,0.6528688721556964,0.19398577316500953,0.013791533834445247
Jonglei,2019-02-01,2019-04-30,1810241,1187891,295751,20160,0.6562059968810783,0.16337658908399488,0.011136638712745983
Jonglei,2019-05-01,2019-07-31,1810241,1230060,339931,10236,0.6795006852678732,0.1877821792788916,0.005654495727364478
Jonglei,2019-08-01,2019-08-31,1931052,1251718,296239,0,0.6482052269954408,0.1534080905123218,0.0
Jonglei,2019-09-01,2019-12-31,1931052,1000816,194848,0,0.5182750127909554,0.10090251324148702,0.0
Jonglei,2020-01-01,2020-01-31,1931052,1262287,355373,41135,0.6536784094887139,0.18403077700652287,0.02130186033312412
Jonglei,2020-01-01,2020-04-30,1931052,1178646,278264,0,0.6103647131201024,0.1440996928099295,0.0
Jonglei,2020-02-01,2020-04-30,1931052,1346417,445346,20770,0.6972453357030262,0.2306235150581134,0.010755795286714186
Jonglei,2020-05-01,2020-07-31,1931052,1405877,500043,0,0.728036842094361,0.2589484902529813,0.0
Jonglei,2022-02-01,2022-03-31,2031778,1470730,563273,42236,0.7238635323347334,0.2772315676220532,0.020787704168467223
Jonglei,2022-04-01,2022-07-31,2031778,1597566,655434,66718,0.7862896438488851,0.3225913461017887,0.03283724895141103
Jonglei,2022-10-01,2022-11-30,2035636,1384690,606385,60703,0.6802247553098885,0.29788478883258107,0.02982016431228373
Jonglei,2022-12-01,2023-03-31,2035636,1294782,558963,32609,0.6360577234829803,0.2745888754178055,0.016019072172038615
Jonglei,2023-04-01,2023-07-31,2035636,1510907,690413,36374,0.7422284730668941,0.33916328852506045,0.017868616982603964
Jonglei,2023-09-01,2023-11-30,1031205,632319,269420,5968,0.6131845753269234,0.26126715832448444,0.005787404056419432
Jonglei,2023-12-01,2024-03-31,1031205,607186,269755,10987,0.5888121178621127,0.26159202098515816,0.01065452553081104
Jonglei,2024-04-01,2024-07-31,1031205,696347,300417,10987,0.6752750423048763,0.2913261669600128,0.01065452553081104
Jonglei,2024-09-01,2024-11-30,2096706,1112000,366000,0,0.5303557103380254,0.17455952336665226,0.0
Jonglei,2024-12-01,2025-03-31,2096703,1078000,350000,0,0.5141405339716688,0.16692874479599637,0.0
Jonglei,2025-04-01,2025-07-31,2096703,1306000,509000,22000,0.6228826877244894,0.2427620888604633,0.010492663958605486
Jonglei,2025-09-01,2025-11-30,2187359,1104405,365276,11372,0.5049034017735543,0.16699407824687215,0.005198963681773317
Jonglei,2025-12-01,2026-03-31,2187359,1080542,404214,11372,0.49399389857814835,0.18479545424413643,0.005198963681773317
Jonglei,2026-04-01,2026-07-31,2187359,1285415,553287,11372,0.5876561643516222,0.25294750427341833,0.005198963681773317
Lakes,2017-01-01,2017-01-31,1113719,189848,55246,0,0.17046310604380457,0.04960497216982022,0.0
Lakes,2017-02-01,2017-04-30,1113719,342624,100913,0,0.3076395392374558,0.09060903154206762,0.0
Lakes,2017-05-01,2017-05-31,1113717,294591,64715,0,0.26451154108269875,0.05810722113427379,0.0
Lakes,2017-05-01,2017-07-31,1113719,476762,144478,0,0.4280810509652794,0.12972572076080233,0.0
Lakes,2017-06-01,2017-07-31,1113717,419519,94546,0,0.37668366380328216,0.08489230208392258,0.0
Lakes,2017-09-01,2017-09-30,1189156,505818,229895,0,0.42535882592359625,0.19332619101278553,0.0
Lakes,2017-10-01,2017-12-31,1189156,264491,24128,0,0.22241909387834732,0.0202900208214902,0.0
Lakes,2018-01-01,2018-01-31,1225771,489098,84789,0,0.39901253986266605,0.0691719742105173,0.0
Lakes,2018-01-01,2018-03-31,1189156,367828,95734,0,0.30931854189021457,0.08050583775383549,0.0
Lakes,2018-02-01,2018-04-30,1225771,568552,144434,0,0.46383215135616684,0.11783114464284111,0.0
Lakes,2018-05-01,2018-07-31,1225771,664532,228969,0,0.5421338896090705,0.18679590233412277,0.0
Lakes,2018-09-01,2018-09-30,1225771,894353,262193,19765,0.7296248646770074,0.21390047570059986,0.016124545286191304
Lakes,2018-10-01,2018-12-31,1225771,670496,150160,0,0.546999398745769,0.12250249026938963,0.0
Lakes,2019-01-01,2019-01-31,1271983,762393,207633,9721,0.5993735765336486,0.16323567217486398,0.007642397736447736
Lakes,2019-01-01,2019-03-31,1271983,748630,188676,0,0.5885534633717588,0.14833217110606037,0.0
Lakes,2019-02-01,2019-04-30,1271983,778737,223783,18735,0.6122228048645304,0.175932382744109,0.014728970434353289
Lakes,2019-05-01,2019-07-31,1271983,806850,253867,18735,0.6343245153433654,0.19958364223421224,0.014728970434353289
Lakes,2019-08-01,2019-08-31,1137753,653115,220918,0,0.574039356521143,0.19417043945390608,0.0
Lakes,2019-09-01,2019-12-31,1137753,462140,99382,0,0.40618658003978014,0.0873493631746082,0.0
Lakes,2020-01-01,2020-01-31,1137753,589962,116553,0,0.5185325813247691,0.10244139105763729,0.0
Lakes,2020-01-01,2020-04-30,1137753,578259,151652,0,0.5082465174778709,0.13329079334442537,0.0
Lakes,2020-02-01,2020-04-30,1137753,655532,158294,0,0.5761637191903691,0.1391286157891915,0.0
Lakes,2020-05-01,2020-07-31,1137753,732191,198615,0,0.6435412607130019,0.174567766466008,0.0
Lakes,2020-10-01,2020-11-30,1180247,656000,209000,0,0.555815858883776,0.17708157699193475,0.0
Lakes,2020-12-01,2021-03-31,1180247,499000,113000,0,0.4227928560716528,0.09574267081382118,0.0
Lakes,2021-04-01,2021-07-31,1180247,676000,192000,0,0.5727614643375497,0.16267781235622714,0.0
Lakes,2022-02-01,2022-03-31,1209754,628750,183602,0,0.5197337640545102,0.15176804540427227,0.0
Lakes,2022-04-01,2022-07-31,1209754,742087,264191,12802,0.61341975310683,0.21838406816592465,0.010582316735468533
Lakes,2022-10-01,2022-11-30,1212052,689904,172882,0,0.5692033015085162,0.14263579450386618,0.0
Lakes,2022-12-01,2023-03-31,1212052,626095,127379,0,0.5165578704544029,0.10509367584889097,0.0
Lakes,2023-04-01,2023-07-31,1212052,750179,245872,0,0.6189330160752179,0.2028559830766337,0.0
Lakes,2023-09-01,2023-11-30,1265474,668753,166687,0,0.5284604820012107,0.13171902385983433,0.0
Lakes,2023-12-01,2024-03-31,1265474,601945,157545,0,0.4756676154547624,0.12449485331188155,0.0
Lakes,2024-04-01,2024-07-31,1265474,752980,253321,0,0.5950181513014096,0.2001787472520178,0.0
Lakes,2024-09-01,2024-11-30,1248413,567000,144000,0,0.4541766226401039,0.11534644384510574,0.0
Lakes,2024-12-01,2025-03-31,1248409,491000,109000,0,0.3933005929947637,0.08731112960576222,0.0
Lakes,2025-04-01,2025-07-31,1248409,708000,264000,0,0.5671218326686206,0.2114691579442314,0.0
Lakes,2025-09-01,2025-11-30,1286922,482391,64468,0,0.37484089944845145,0.05009472213545187,0.0
Lakes,2025-12-01,2026-03-31,1286922,485953,70160,0,0.3776087439642807,0.054517678616108824,0.0
Lakes,2026-04-01,2026-07-31,1286922,657833,179642,0,0.5111677319992975,0.13959043360825288,0.0
Northern Bahr el Ghazal,2017-01-01,2017-01-31,1418110,740633,179759,0,0.5222676661189893,0.12675956025978238,0.0
Northern Bahr el Ghazal,2017-02-01,2017-04-30,1418110,843803,258292,0,0.595019427265868,0.1821381980241307,0.0
Northern Bahr el Ghazal,2017-05-01,2017-05-31,1418109,938554,306946,0,0.6618348801114724,0.21644739579256603,0.0
Northern Bahr el Ghazal,2017-05-01,2017-07-31,1418110,884017,418509,0,0.6233768889578383,0.2951174450501019,0.0
Northern Bahr el Ghazal,2017-06-01,2017-07-31,1418109,1009379,424469,0,0.711778149634478,0.29932043305556905,0.0
Northern Bahr el Ghazal,2017-09-01,2017-09-30,1361127,814235,204169,0,0.5982064862426504,0.14999996326573495,0.0
Northern Bahr el Ghazal,2017-10-01,2017-12-31,1361127,746177,80667,0,0.5482052740119033,0.059264859193888596,0.0
Northern Bahr el Ghazal,2018-01-01,2018-01-31,1401961,752543,66172,0,0.536778840495563,0.047199601130131295,0.0
Northern Bahr el Ghazal,2018-01-01,2018-03-31,1361127,833179,190563,0,0.6121243645890501,0.1400038350572724,0.0
Northern Bahr el Ghazal,2018-02-01,2018-04-30,1401961,901810,198835,0,0.6432489919477076,0.14182634181692644,0.0
Northern Bahr el Ghazal,2018-05-01,2018-07-31,1401961,1041020,335489,0,0.7425456200279466,0.23929980933849088,0.0
Northern Bahr el Ghazal,2018-09-01,2018-09-30,1401961,754105,259892,0,0.5378929941703086,0.18537748196989787,0.0
Northern Bahr el Ghazal,2018-10-01,2018-12-31,1401961,562375,154753,0,0.4011345536716071,0.11038324175922155,0.0
Northern Bahr el Ghazal,2019-01-01,2019-01-31,1454815,823031,223466,0,0.5657289758491629,0.15360441018273802,0.0
Northern Bahr el Ghazal,2019-01-01,2019-03-31,1454815,797079,285823,0,0.5478902815821943,0.19646690472671782,0.0
Northern Bahr el Ghazal,2019-02-01,2019-04-30,1454815,903547,240079,0,0.6210734698226235,0.16502373153974903,0.0
Northern Bahr el Ghazal,2019-05-01,2019-07-31,1454815,960155,328951,0,0.6599842591669731,0.22611191113646753,0.0
Northern Bahr el Ghazal,2019-08-01,2019-08-31,946905,560198,213953,0,0.5916095067615019,0.22594980489067013,0.0
Northern Bahr el Ghazal,2019-09-01,2019-12-31,946905,449658,101613,0,0.47487129120661525,0.1073106594642546,0.0
Northern Bahr el Ghazal,2020-01-01,2020-01-31,946905,518908,98813,0,0.5480042876529324,0.10435365744187643,0.0
Northern Bahr el Ghazal,2020-01-01,2020-04-30,946905,550400,148959,0,0.58126211182748,0.15731145151836773,0.0
Northern Bahr el Ghazal,2020-02-01,2020-04-30,946905,570206,142205,0,0.6021786768472022,0.15017874021153124,0.0
Northern Bahr el Ghazal,2020-05-01,2020-07-31,946905,604612,193372,0,0.6385138952693248,0.20421478395403975,0.0
Northern Bahr el Ghazal,2020-10-01,2020-11-30,912347,482000,151000,0,0.5283077600956654,0.1655072028515466,0.0
Northern Bahr el Ghazal,2020-12-01,2021-03-31,912347,551000,179000,0,0.6039368792794847,0.1961972802015023,0.0
Northern Bahr el Ghazal,2021-04-01,2021-07-31,912347,635000,201000,7000,0.6960071113293517,0.22031091240503886,0.007672519337488916
Northern Bahr el Ghazal,2022-02-01,2022-03-31,935156,531076,153717,0,0.5679009705332586,0.16437578329177163,0.0
Northern Bahr el Ghazal,2022-04-01,2022-07-31,935156,619965,200474,0,0.6629535606893395,0.21437492781952958,0.0
Northern Bahr el Ghazal,2022-10-01,2022-11-30,936932,580136,230380,0,0.619186878023165,0.24588764179257405,0.0
Northern Bahr el Ghazal,2022-12-01,2023-03-31,936932,532584,183532,0,0.5684339952098978,0.19588614755393136,0.0
Northern Bahr el Ghazal,2023-04-01,2023-07-31,936932,655802,277225,0,0.6999462074088622,0.2958859340912681,0.0
Northern Bahr el Ghazal,2023-09-01,2023-11-30,1924341,893298,310388,0,0.4642098255974383,0.16129573708609857,0.0
Northern Bahr el Ghazal,2023-12-01,2024-03-31,1924341,989517,334745,0,0.5142108389313537,0.17395305717645676,0.0
Northern Bahr el Ghazal,2024-04-01,2024-07-31,1924341,1126085,424712,40352,0.5851795497783397,0.22070516608023213,0.020969256488325094
Northern Bahr el Ghazal,2024-09-01,2024-11-30,965039,494000,191000,0,0.5118964104041391,0.1979194623222481,0.0
Northern Bahr el Ghazal,2024-12-01,2025-03-31,965037,393000,126000,0,0.4072382716932097,0.13056494206957867,0.0
Northern Bahr el Ghazal,2025-04-01,2025-07-31,965037,601000,232000,0,0.622774049077911,0.24040529015985915,0.0
Northern Bahr el Ghazal,2025-09-01,2025-11-30,1103829,543500,149384,0,0.4923769895518237,0.13533255603902417,0.0
Northern Bahr el Ghazal,2025-12-01,2026-03-31,1103829,471050,122896,0,0.42674182323530185,0.11133608557122525,0.0
Northern Bahr el Ghazal,2026-04-01,2026-07-31,1103829,662289,220759,0,0.5999923901256444,0.1999938396255217,0.0
Unity,2017-01-01,2017-01-31,1048240,476341,137758,81273,0.45441978936121497,0.1314183774708082,0.07753281691215752
Unity,2017-02-01,2017-04-30,1048240,579889,170170,101549,0.5532025108753721,0.16233877737922614,0.09687571548500343
Unity,2017-05-01,2017-05-31,1124917,610424,140190,9332,0.542639145821425,0.12462252770648857,0.00829572315113026
Unity,2017-05-01,2017-07-31,1048240,620638,213608,88548,0.592076242081966,0.20377776081813326,0.0844730214454705
Unity,2017-06-01,2017-07-31,1124917,617969,150016,20931,0.5493463073275628,0.13335739436776226,0.01860670609476077
Unity,2017-09-01,2017-09-30,1035964,649735,188929,0,0.6271791297767104,0.1823702368035955,0.0
Unity,2017-10-01,2017-12-31,1035964,513643,110512,0,0.49581163051997945,0.10667552154321965,0.0
Unity,2018-01-01,2018-01-31,970292,472118,61729,0,0.486573114072877,0.06361899304539252,0.0
Unity,2018-01-01,2018-03-31,1035964,447881,88356,0,0.43233259070778524,0.08528867798494928,0.0
Unity,2018-02-01,2018-04-30,970292,674531,197142,15207,0.6951835117675916,0.20317801239214586,0.015672601649812632
Unity,2018-05-01,2018-07-31,970292,718645,263058,42717,0.740648176012994,0.27111220127549235,0.04402489147596806
Unity,2018-09-01,2018-09-30,854095,598662,185335,19230,0.7009313952195013,0.21699576744975677,0.02251505980013933
Unity,2018-10-01,2018-12-31,854095,491939,79008,9615,0.5759769112335279,0.09250493212113406,0.011257529900069665
Unity,2019-01-01,2019-01-31,886296,597084,135672,0,0.6736846380893065,0.15307752714668688,0.0
Unity,2019-01-01,2019-03-31,886296,610815,137449,9082,0.6891772049067129,0.1550825006544089,0.01024714091003457
Unity,2019-02-01,2019-04-30,886296,628637,138152,4780,0.7092856111276594,0.1558756893859388,0.005393232057912932
Unity,2019-05-01,2019-07-31,886296,660788,159138,9561,0.7455613023188641,0.17955400904438246,0.010787592407051369
Unity,2019-08-01,2019-08-31,1059682,630923,160451,0,0.5953889940567075,0.15141429221219196,0.0
Unity,2019-09-01,2019-12-31,1059682,572585,99211,0,0.5403366292906739,0.09362337002987689,0.0
Unity,2020-01-01,2020-01-31,1059682,488797,60872,0,0.46126762557069007,0.05744364818879626,0.0
Unity,2020-01-01,2020-04-30,1059682,670020,154481,0,0.6322840248300905,0.14578052661081342,0.0
Unity,2020-02-01,2020-04-30,1059682,553632,83019,0,0.522451074945125,0.07834331431504923,0.0
Unity,2020-05-01,2020-07-31,1059682,657954,110931,0,0.6208975900317265,0.10468329177998682,0.0
Unity,2022-02-01,2022-03-31,1123634,759753,288858,7423,0.6761570048610135,0.2570748126169197,0.0066062436700918626
Unity,2022-04-01,2022-07-31,1123634,878528,369506,7423,0.7818631333690508,0.3288490736307374,0.0066062436700918626
Unity,2022-10-01,2022-11-30,1125769,751103,270638,0,0.6671910489629755,0.24040278245359395,0.0
Unity,2022-12-01,2023-03-31,1125769,763742,250937,0,0.6784180413566193,0.22290274470162175,0.0
Unity,2023-04-01,2023-07-31,1125769,868832,354216,7436,0.7717675651043864,0.3146435902925023,0.006605262713753887
Unity,2023-09-01,2023-11-30,1127192,653267,182269,15434,0.5795525518279051,0.16170182187240506,0.013692432167722979
Unity,2023-12-01,2024-03-31,1127192,691419,194482,0,0.6133994918345765,0.17253671069347548,0.0
Unity,2024-04-01,2024-07-31,1127192,743460,201769,0,0.6595682013357086,0.17900144784561992,0.0
Unity,2024-09-01,2024-11-30,1159541,703000,177000,0,0.6062743792586894,0.15264660758006832,0.0
Unity,2024-12-01,2025-03-31,1159537,749000,204000,0,0.645947477312065,0.17593229021583615,0.0
Unity,2025-04-01,2025-07-31,1159537,830000,255000,0,0.715802945486,0.21991536276979518,0.0
Unity,2025-09-01,2025-11-30,1266751,668998,137225,0,0.5281211540389548,0.10832831393067777,0.0
Unity,2025-12-01,2026-03-31,1266751,706402,180568,0,0.5576486618127793,0.14254419376815175,0.0
Unity,2026-04-01,2026-07-31,1266751,825928,234244,0,0.652005011245304,0.18491716209420794,0.0
Upper Nile,2017-01-01,2017-01-31,1254313,156145,10932,0,0.1244864718774341,0.008715527942387585,0.0
Upper Nile,2017-02-01,2017-04-30,1254313,294685,58158,0,0.23493737209133606,0.04636641731370081,0.0
Upper Nile,2017-05-01,2017-05-31,1254313,565296,151258,0,0.450681767628973,0.12059031517651496,0.0
Upper Nile,2017-05-01,2017-07-31,1254313,498598,95003,0,0.397506842391014,0.07574106303610025,0.0
Upper Nile,2017-06-01,2017-07-31,1254313,594191,171017,0,0.47371828243827496,0.13634316155536935,0.0
Upper Nile,2017-09-01,2017-09-30,1025188,571623,202997,0,0.5575787075151094,0.19800953581196815,0.0
Upper Nile,2017-10-01,2017-12-31,1025188,453586,131040,0,0.4424417765326945,0.12782045829642955,0.0
Upper Nile,2018-01-01,2018-01-31,1055944,640041,155141,0,0.6061315751592887,0.1469216170554499,0.0
Upper Nile,2018-01-01,2018-03-31,1025188,428076,116293,0,0.4175585356051768,0.11343577958384218,0.0
Upper Nile,2018-02-01,2018-04-30,1055944,597830,120598,0,0.566156917412287,0.11420870803754744,0.0
Upper Nile,2018-05-01,2018-07-31,1055944,670911,227881,3724,0.635366080019395,0.21580784587061436,0.0035267021736001152
Upper Nile,2018-09-01,2018-09-30,992605,602314,160044,1958,0.6068012955808202,0.1612363427546708,0.0019725872829574704
Upper Nile,2018-10-01,2018-12-31,992605,455292,97292,979,0.45868396794293803,0.0980168344910614,0.0009862936414787352
Upper Nile,2019-01-01,2019-01-31,1033738,518676,78212,0,0.501748025128224,0.07565940305957602,0.0
Upper Nile,2019-01-01,2019-03-31,1027945,567722,162944,0,0.552288303362534,0.15851431740025002,0.0
Upper Nile,2019-02-01,2019-04-30,1033738,568338,99456,1016,0.5497892115797233,0.0962100648326752,0.0009828409132681588
Upper Nile,2019-05-01,2019-07-31,1033738,574912,120322,0,0.5561486566228581,0.11639506335260966,0.0
Upper Nile,2019-08-01,2019-08-31,1377076,847869,262271,0,0.6157024013198981,0.19045499304323074,0.0
Upper Nile,2019-09-01,2019-12-31,1377076,649446,142524,0,0.4716123147887263,0.10349755569046298,0.0
Upper Nile,2020-01-01,2020-01-31,1377076,730792,173191,0,0.5306838547763522,0.12576720529585877,0.0
Upper Nile,2020-01-01,2020-04-30,1377076,758441,183601,0,0.5507619042086276,0.1333267009228249,0.0
Upper Nile,2020-02-01,2020-04-30,1377076,816097,234276,0,0.592630326866491,0.17012568659972288,0.0
Upper Nile,2020-05-01,2020-07-31,1377076,917351,290877,0,0.666158585292315,0.21122799322622718,0.0
Upper Nile,2020-10-01,2020-11-30,1459701,846000,234000,0,0.579570747707921,0.16030680255751006,0.0
Upper Nile,2020-12-01,2021-03-31,1459701,858000,224000,0,0.5877916093775369,0.15345608449949683,0.0
Upper Nile,2021-04-01,2021-07-31,1459701,1035000,346000,0,0.7090493190043714,0.23703484480725848,0.0
Upper Nile,2022-02-01,2022-03-31,1522253,825834,328462,0,0.5425077171797329,0.2157735934828179,0.0
Upper Nile,2022-04-01,2022-07-31,1522253,997576,410249,0,0.6553286477346407,0.26950119329704064,0.0
Upper Nile,2022-10-01,2022-11-30,1525146,853199,252189,0,0.5594211963969351,0.16535400545259274,0.0
Upper Nile,2022-12-01,2023-03-31,1525146,860818,238784,0,0.5644167837046421,0.15656468298772708,0.0
Upper Nile,2023-04-01,2023-07-31,1525146,1014683,375170,0,0.6653022071329564,0.24598956427778063,0.0
Upper Nile,2023-09-01,2023-11-30,813209,455618,102010,0,0.5602717136677041,0.1254413072162261,0.0
Upper Nile,2023-12-01,2024-03-31,813209,464998,110391,0,0.5718062638263964,0.13574739089213228,0.0
Upper Nile,2024-04-01,2024-07-31,813209,541060,144592,0,0.665339414590837,0.1778042299089164,0.0
Upper Nile,2024-09-01,2024-11-30,1570900,898000,237000,10000,0.5716468266598765,0.15086892863963333,0.006365777579731364
Upper Nile,2024-12-01,2025-03-31,1570894,797000,206000,0,0.5073544109277902,0.13113551901019418,0.0
Upper Nile,2025-04-01,2025-07-31,1570894,1024000,328000,10000,0.6518581139147517,0.2087983021133189,0.006365801893698748
Upper Nile,2025-09-01,2025-11-30,2224708,1272537,321945,16483,0.5720018087767024,0.14471337362026837,0.007409062222997355
Upper Nile,2025-12-01,2026-03-31,2224708,1258698,330763,16483,0.5657812171305178,0.14867703986320902,0.007409062222997355
Upper Nile,2026-04-01,2026-07-31,2224708,1447317,487911,16483,0.6505649280714593,0.21931462466085436,0.007409062222997355
Warrap,2017-01-01,2017-01-31,1321162,259640,66058,0,0.1965239690514865,0.04999992430905521,0.0
Warrap,2017-02-01,2017-04-30,1321162,273625,66058,0,0.20710934768029962,0.04999992430905521,0.0
Warrap,2017-05-01,2017-05-31,1321163,452265,103500,0,0.34232339234447223,0.0783400685608059,0.0
Warrap,2017-05-01,2017-07-31,1321162,325832,73040,0,0.24662531922655964,0.05528466607425887,0.0
Warrap,2017-06-01,2017-07-31,1321163,640215,157959,0,0.48458441539764585,0.1195605689835395,0.0
Warrap,2017-09-01,2017-09-30,1366376,723425,271839,0,0.5294479703976065,0.1989488983998548,0.0
Warrap,2017-10-01,2017-12-31,1366376,394902,88078,0,0.28901415130242336,0.064461026833024,0.0
Warrap,2018-01-01,2018-01-31,1390597,626208,86060,0,0.4503159434401196,0.06188708878273145,0.0
Warrap,2018-01-01,2018-03-31,1366376,390486,85387,0,0.285782244418813,0.062491583575823934,0.0
Warrap,2018-02-01,2018-04-30,1390597,744870,211364,0,0.53564763910752,0.15199515028437427,0.0
Warrap,2018-05-01,2018-07-31,1390597,843992,280894,0,0.6069278158948999,0.2019952581517147,0.0
Warrap,2018-09-01,2018-09-30,1390597,735925,205096,0,0.529215150039875,0.14748773368560408,0.0
Warrap,2018-10-01,2018-12-31,1390597,208590,69530,0,0.15000032360202128,0.05000010786734043,0.0
Warrap,2019-01-01,2019-01-31,1443023,582308,79267,0,0.4035334156143041,0.054931210382648095,0.0
Warrap,2019-01-01,2019-03-31,1443023,378448,144304,0,0.26226054608970195,0.10000117808240062,0.0
Warrap,2019-02-01,2019-04-30,1443023,632382,151420,0,0.4382341792195966,0.10493249241349584,0.0
Warrap,2019-05-01,2019-07-31,1443023,745114,224959,0,0.5163562881534113,0.1558942580956783,0.0
Warrap,2019-08-01,2019-08-31,1222397,710965,160296,0,0.581615465352091,0.13113252077680165,0.0
Warrap,2019-09-01,2019-12-31,1222397,264666,74235,0,0.2165139475964028,0.06072904301957548,0.0
Warrap,2020-01-01,2020-01-31,1222397,436587,95113,0,0.35715647207903817,0.07780860064283535,0.0
Warrap,2020-01-01,2020-04-30,1222397,524560,122240,0,0.42912408980061306,0.10000024541945048,0.0
Warrap,2020-02-01,2020-04-30,1222397,543108,150768,0,0.44429755635853163,0.1233379990297751,0.0
Warrap,2020-05-01,2020-07-31,1222397,652537,211888,0,0.5338175731779446,0.17333812173950033,0.0
Warrap,2020-10-01,2020-11-30,1262488,699000,260000,13000,0.5536686289295423,0.2059425515331631,0.010297127576658155
Warrap,2020-12-01,2021-03-31,1262488,647000,230000,0,0.5124801186229097,0.18217994943318272,0.0
Warrap,2021-04-01,2021-07-31,1262488,777000,282000,13000,0.6154513943894913,0.22336845973981534,0.010297127576658155
Warrap,2022-02-01,2022-03-31,1248033,785613,384963,0,0.6294809512248474,0.30845578602488877,0.0
Warrap,2022-04-01,2022-07-31,1330782,876823,447364,0,0.6588780130780248,0.3361662541272725,0.0
Warrap,2022-10-01,2022-11-30,1296510,740170,327326,0,0.5708941697325898,0.25246700758189294,0.0
Warrap,2022-12-01,2023-03-31,1379259,746299,332851,0,0.5410869169604838,0.2413259583587999,0.0
Warrap,2023-04-01,2023-07-31,1379259,885037,412894,0,0.6416757113783561,0.2993592936497061,0.0
Warrap,2023-09-01,2023-11-30,2773445,1049714,224567,0,0.37848740465377895,0.08097041765746212,0.0
Warrap,2023-12-01,2024-03-31,2773445,1237361,363240,0,0.4461458583097916,0.13097068807926604,0.0
Warrap,2024-04-01,2024-07-31,2773445,1534987,501912,0,0.5534586047316604,0.18097059793866474,0.0
Warrap,2024-09-01,2024-11-30,1335405,525000,158000,0,0.39313916003010324,0.11831616625667868,0.0
Warrap,2024-12-01,2025-03-31,1335402,656000,224000,0,0.49123784448428265,0.1677397517751209,0.0
Warrap,2025-04-01,2025-07-31,1335402,791000,291000,0,0.5923309984558957,0.21791190967214366,0.0
Warrap,2025-09-01,2025-11-30,1401874,472895,95135,0,0.3373306017516553,0.06786273231403107,0.0
Warrap,2025-12-01,2026-03-31,1401874,587849,165228,0,0.41933083857750414,0.1178622329824221,0.0
Warrap,2026-04-01,2026-07-31,1401874,711799,249344,0,0.5077481999095497,0.17786477244031917,0.0
Western Bahr el Ghazal,2017-01-01,2017-01-31,545566,131498,20182,0,0.2410304161183065,0.036992774476415316,0.0
Western Bahr el Ghazal,2017-02-01,2017-04-30,545566,190714,17726,0,0.34957090434521215,0.032491027666680106,0.0
Western Bahr el Ghazal,2017-05-01,2017-05-31,545565,184805,25524,0,0.3387405717008972,0.046784526133457974,0.0
Western Bahr el Ghazal,2017-05-01,2017-07-31,545566,271134,137454,0,0.49697745094085777,0.2519475187236741,0.0
Western Bahr el Ghazal,2017-06-01,2017-07-31,545565,299021,55609,0,0.5480941775957036,0.10192919267181728,0.0
Western Bahr el Ghazal,2017-09-01,2017-09-30,526261,383664,147197,13865,0.7290374928030008,0.2797034171257228,0.026346242643859225
Western Bahr el Ghazal,2017-10-01,2017-12-31,526261,351518,159645,16638,0.6679537339837077,0.30335707947197305,0.03161549117263107
Western Bahr el Ghazal,2018-01-01,2018-01-31,542050,233055,17494,0,0.4299511115210774,0.03227377548196661,0.0
Western Bahr el Ghazal,2018-01-01,2018-03-31,526261,380747,157795,19411,0.7234946157895037,0.2998417135223777,0.036884739701402915
Western Bahr el Ghazal,2018-02-01,2018-04-30,542050,283025,48198,0,0.5221381791347661,0.0889179964947883,0.0
Western Bahr el Ghazal,2018-05-01,2018-07-31,542050,325805,89581,2856,0.6010607877502075,0.16526335208929066,0.005268886634074347
Western Bahr el Ghazal,2018-09-01,2018-09-30,542050,328808,92437,0,0.6066008670786828,0.170532238723365,0.0
Western Bahr el Ghazal,2018-10-01,2018-12-31,542050,225753,24545,0,0.4164800295175722,0.04528180057190296,0.0
Western Bahr el Ghazal,2019-01-01,2019-01-31,562485,289740,77676,0,0.5151070695218539,0.13809434918264488,0.0
Western Bahr el Ghazal,2019-01-01,2019-03-31,562485,193974,10188,0,0.3448518627163391,0.018112482999546653,0.0
Western Bahr el Ghazal,2019-02-01,2019-04-30,562485,258587,73045,0,0.45972248148839523,0.12986124074419764,0.0
Western Bahr el Ghazal,2019-05-01,2019-07-31,562485,281618,81256,0,0.5006675733575118,0.14445896335013378,0.0
Western Bahr el Ghazal,2019-08-01,2019-08-31,646245,427898,74554,0,0.6621296876571579,0.11536491578271399,0.0
Western Bahr el Ghazal,2019-09-01,2019-12-31,646245,300811,50969,0,0.4654751680864069,0.07886946900943141,0.0
Western Bahr el Ghazal,2020-01-01,2020-01-31,646245,200219,18656,0,0.30981903148186835,0.028868308458866218,0.0
Western Bahr el Ghazal,2020-01-01,2020-04-30,646245,276336,18656,0,0.42760253464243436,0.028868308458866218,0.0
Western Bahr el Ghazal,2020-02-01,2020-04-30,646245,235441,21565,0,0.36432158082460986,0.03336969725104256,0.0
Western Bahr el Ghazal,2020-05-01,2020-07-31,646245,297157,40222,0,0.45982096573281034,0.062239553110662364,0.0
Western Bahr el Ghazal,2020-10-01,2020-11-30,646729,268000,70000,0,0.4143930456187986,0.10823698952729814,0.0
Western Bahr el Ghazal,2020-12-01,2021-03-31,646729,189000,37000,0,0.29223987172370497,0.05721098017871473,0.0
Western Bahr el Ghazal,2021-04-01,2021-07-31,646729,280000,54000,0,0.43294795810919257,0.08349710620677285,0.0
Western Bahr el Ghazal,2022-02-01,2022-03-31,662897,195890,63312,0,0.29550593832827726,0.09550805027025315,0.0
Western Bahr el Ghazal,2022-04-01,2022-07-31,662897,262182,96458,0,0.39550940794723766,0.14550978507973336,0.0
Western Bahr el Ghazal,2022-10-01,2022-11-30,664156,266793,49244,0,0.4017023109028602,0.07414523093971898,0.0
Western Bahr el Ghazal,2022-12-01,2023-03-31,664156,222380,16037,0,0.3348309734459976,0.024146435476002627,0.0
Western Bahr el Ghazal,2023-04-01,2023-07-31,664156,316038,63432,0,0.4758490475129337,0.09550768193014894,0.0
Western Bahr el Ghazal,2023-09-01,2023-11-30,562554,273997,54393,0,0.48705902011184704,0.09668938448575604,0.0
Western Bahr el Ghazal,2023-12-01,2024-03-31,562554,186470,26266,0,0.3314704010637201,0.04669062881074528,0.0
Western Bahr el Ghazal,2024-04-01,2024-07-31,562554,276270,72097,0,0.4910995211126399,0.12816014107090165,0.0
Western Bahr el Ghazal,2024-09-01,2024-11-30,684081,256000,26000,0,0.3742246897662704,0.038007195054386836,0.0
Western Bahr el Ghazal,2024-12-01,2025-03-31,684079,187000,6000,0,0.2733602405570117,0.008770916809315884,0.0
Western Bahr el Ghazal,2025-04-01,2025-07-31,684079,276000,41000,0,0.4034621732285306,0.059934598196991866,0.0
Western Bahr el Ghazal,2025-09-01,2025-11-30,746534,128924,0,0,0.17269675594145745,0.0,0.0
Western Bahr el Ghazal,2025-12-01,2026-03-31,746534,105374,0,0,0.14115097236026758,0.0,0.0
Western Bahr el Ghazal,2026-04-01,2026-07-31,746534,257613,37325,0,0.3450787238089625,0.04999772280967779,0.0
Western Equatoria,2017-01-01,2017-01-31,705821,55457,0,0,0.07857091245514089,0.0,0.0
Western Equatoria,2017-02-01,2017-04-30,705821,100444,0,0,0.1423080356067615,0.0,0.0
Western Equatoria,2017-05-01,2017-05-31,812341,128702,23618,0,0.15843346574898964,0.02907399724992337,0.0
Western Equatoria,2017-05-01,2017-07-31,705821,123946,4675,0,0.17560542970526521,0.006623492358544163,0.0
Western Equatoria,2017-06-01,2017-07-31,812341,105089,19682,0,0.1293656235497162,0.024228741378312803,0.0
Western Equatoria,2017-09-01,2017-09-30,733340,203658,56182,0,0.2777129298824556,0.0766111217170753,0.0
Western Equatoria,2017-10-01,2017-12-31,733340,168194,31857,0,0.2293533695148226,0.04344096871846619,0.0
Western Equatoria,2018-01-01,2018-01-31,760462,150010,3498,0,0.1972616646196654,0.004599835363239714,0.0
Western Equatoria,2018-01-01,2018-03-31,733340,124610,11572,0,0.16992118253470423,0.015779856546758664,0.0
Western Equatoria,2018-02-01,2018-04-30,760462,234299,47168,0,0.30810086500048656,0.0620254529483393,0.0
Western Equatoria,2018-05-01,2018-07-31,760462,243688,45000,0,0.32044730703177804,0.05917455441560525,0.0
Western Equatoria,2018-09-01,2018-09-30,762002,323417,44586,0,0.4244306445389907,0.05851165744971798,0.0
Western Equatoria,2018-10-01,2018-12-31,762002,127893,4262,0,0.1678381421571072,0.0055931611728053205,0.0
Western Equatoria,2019-01-01,2019-01-31,790729,259953,32891,0,0.32875106389167463,0.041595793249014516,0.0
Western Equatoria,2019-01-01,2019-03-31,790729,91396,13286,0,0.11558447963840962,0.0168022166886506,0.0
Western Equatoria,2019-02-01,2019-04-30,790729,265246,40694,0,0.33544488693345004,0.051463902297753085,0.0
Western Equatoria,2019-05-01,2019-07-31,790729,294087,45594,0,0.37191882427481476,0.05766071561811948,0.0
Western Equatoria,2019-08-01,2019-08-31,861331,263829,69041,0,0.3063038483463384,0.08015617689366805,0.0
Western Equatoria,2019-09-01,2019-12-31,861331,88359,9052,0,0.10258425622670031,0.010509316395206953,0.0
Western Equatoria,2020-01-01,2020-01-31,861331,128473,10155,0,0.14915636381367905,0.011789892619678149,0.0
Western Equatoria,2020-01-01,2020-04-30,861331,62715,0,0,0.07281172975313788,0.0,0.0
Western Equatoria,2020-02-01,2020-04-30,861331,162388,10155,0,0.1885314704799897,0.011789892619678149,0.0
Western Equatoria,2020-05-01,2020-07-31,861331,81041,2207,0,0.09408810317984607,0.002562313442799574,0.0
Western Equatoria,2020-10-01,2020-11-30,914326,168000,12000,0,0.1837419038723606,0.013124421705168615,0.0
Western Equatoria,2020-12-01,2021-03-31,914326,80000,2000,0,0.0874961447011241,0.0021874036175281025,0.0
Western Equatoria,2021-04-01,2021-07-31,914326,123000,29000,0,0.13452532247797833,0.03171735245415749,0.0
Western Equatoria,2022-02-01,2022-03-31,944431,333769,103821,5955,0.3534075014479618,0.10992968252842188,0.006305383876641067
Western Equatoria,2022-04-01,2022-07-31,944431,376942,121449,0,0.3991207404246578,0.12859488940960218,0.0
Western Equatoria,2022-10-01,2022-11-30,968956,279070,62421,0,0.2880110139160086,0.06442088185634848,0.0
Western Equatoria,2022-12-01,2023-03-31,968956,207269,30340,0,0.21390960993068828,0.031312051321215825,0.0
Western Equatoria,2023-04-01,2023-07-31,968956,380099,73953,0,0.39227684229211646,0.0763223510665087,0.0
Western Equatoria,2023-09-01,2023-11-30,663235,120152,4604,0,0.18116052379624115,0.006941732568395817,0.0
Western Equatoria,2023-12-01,2024-03-31,663235,126333,9208,0,0.19047999577826863,0.013883465136791635,0.0
Western Equatoria,2024-04-01,2024-07-31,663235,173111,17822,0,0.2610100492284032,0.026871320120319345,0.0
Western Equatoria,2024-09-01,2024-11-30,996180,219000,28000,0,0.21983978799012227,0.028107370153988235,0.0
Western Equatoria,2024-12-01,2025-03-31,996174,153000,7000,0,0.15358762625806335,0.0070268848614800225,0.0
Western Equatoria,2025-04-01,2025-07-31,996174,259000,31000,0,0.25999473987476085,0.03111906152941153,0.0
Western Equatoria,2025-09-01,2025-11-30,1026173,175317,21455,0,0.17084546173013712,0.0209077806568678,0.0
Western Equatoria,2025-12-01,2026-03-31,1026173,111276,7167,0,0.10843785599504177,0.0069842024687845035,0.0
Western Equatoria,2026-04-01,2026-07-31,1026173,272966,55299,0,0.26600388043731416,0.053888574343702283,0.0
