state,dtm_idp_ind,dtm_returnees_ind,month,round,acled_events,acled_fatalities,acled_actor1_n,acled_actor2_n,acled_event_types,wfp_avg_price,wfp_avg_usdprice,wfp_market_count,wfp_commodity_count,wb_gdp_growth_annual_pct,wb_inflation_annual_pct,wb_net_oda_pct_gni,wb_oil_rents_pct_gdp,population_2025,ipc_total_number,ipc_phase3plus_number,ipc_phase4_number,ipc_phase5_number,ipc_phase3plus_pct,ipc_phase4_pct,ipc_phase5_pct,from_date,to_date,snapshot_date,flood_affected_people,flood_displaced_people,days_since_flood_snapshot,flood_recent_available,idp_per_1000,returnees_per_1000
Central Equatoria,188639.0,114470.0,2018-11-01,R4,19.0,24.0,8.0,6.0,4.0,,,,,,83.5015294922,,,1678969.7520777483,1230376.0,186517.0,15867.0,0.0,0.15159349662217078,0.012896057790464053,0.0,2018-10-01,2018-12-31,,,,,0,112.35401934225237,68.17871486865191
Central Equatoria,184121.0,106468.0,2019-03-01,R5,26.0,17.0,6.0,3.0,4.0,935.0579999999999,6.048666666666667,1.0,15.0,,87.2413641500032,,,1678969.7520777483,1100161.0,581833.0,110016.0,0.0,0.5288616847897717,0.09999990910421293,0.0,2019-02-01,2019-04-30,,,,,0,109.6630834308645,63.412696904303594
Central Equatoria,210463.0,129144.0,2019-06-01,R6,6.0,26.0,5.0,3.0,5.0,2291.733333333333,14.575333333333331,1.0,15.0,,87.2413641500032,,,1678969.7520777483,1100161.0,636843.0,131036.0,0.0,0.5788634572576196,0.11910620354657182,0.0,2019-05-01,2019-07-31,,,,,0,125.35246673714587,76.91859834888777
Central Equatoria,208853.0,147384.0,2019-11-01,R7,8.0,2.0,5.0,4.0,3.0,445.0,2.8236363636363637,1.0,11.0,,87.2413641500032,,,1678969.7520777483,1453508.0,316888.0,12324.0,0.0,0.21801599991193718,0.008478797502318529,0.0,2019-09-01,2019-12-31,,,,,0,124.39354535216702,87.78240335635009
Central Equatoria,220847.0,153118.0,2020-03-01,R8,10.0,1.0,5.0,3.0,4.0,7212.325185185186,45.46296296296296,1.0,27.0,,29.6758435538572,,,1678969.7520777483,1453508.0,670150.0,111474.0,0.0,0.46105697388662464,0.07669307633669716,0.0,2020-02-01,2020-04-30,,,,,0,131.53721186858712,91.1975929349021
Central Equatoria,234636.0,167828.0,2020-09-01,R9,14.0,12.0,6.0,4.0,3.0,3832.157567567567,23.442972972972974,1.0,33.0,,29.6758435538572,,,1678969.7520777483,,,,,,,,,,,,,,0,139.74998638875695,99.95891813554744
Central Equatoria,247115.0,178822.0,2020-12-01,R10,37.0,63.0,6.0,5.0,3.0,10231.275,58.64138888888889,1.0,32.0,,29.6758435538572,,,1678969.7520777483,1507980.0,421000.0,66000.0,0.0,0.279181421504264,0.04376715871563283,0.0,2020-12-01,2021-03-31,,,,,0,147.18252052736017,106.50698130726018
Central Equatoria,344043.0,209225.0,2021-09-01,R11,9.0,2.0,4.0,3.0,2.0,11878.254411764708,67.75558823529411,1.0,31.0,,10.5167158294358,,,1678969.7520777483,,,,,,,,,,,,,,0,204.9131615231555,124.61510979639816
Central Equatoria,321638.0,208781.0,2021-12-01,R12,25.0,20.0,10.0,7.0,4.0,5256.501290322581,12.666129032258064,1.0,28.0,,10.5167158294358,,,1678969.7520777483,,,,,,,,,,,,,,0,191.56866858498702,124.3506619113481
Central Equatoria,308447.0,232549.0,2022-08-01,R13,19.0,10.0,9.0,5.0,4.0,16618.255862068963,26.028965517241375,1.0,28.0,,-6.68732094212668,,,1678969.7520777483,,,,,,,,,,2021-12-13,10000.0,,231.0,1,183.7120648649522,138.50696220835272
Central Equatoria,301538.0,,2023-04-01,R14,18.0,18.0,6.0,2.0,3.0,9191.24857142857,10.96107142857143,1.0,25.0,,2.38280434813754,,,1678969.7520777483,1548616.0,805721.0,194135.0,0.0,0.5202845637653234,0.12536032173243722,0.0,2023-04-01,2023-07-31,2022-10-21,0.0,,162.0,1,179.59704135636903,
Central Equatoria,262217.0,,2024-09-01,R15,15.0,2.0,8.0,3.0,5.0,18328.368529411764,6.0132352941176475,2.0,22.0,,91.4408220769046,,,1678969.7520777483,1595075.0,760000.0,122000.0,0.0,0.4764666238264658,0.07648543171951162,0.0,2024-09-01,2024-11-30,2022-10-21,0.0,,681.0,1,156.17732223913077,
Central Equatoria,250336.0,,2025-02-01,R16,,,,,,11036.073333333334,2.505454545454546,2.0,24.0,,,,,1678969.7520777483,1595072.0,622000.0,94000.0,0.0,0.38995104923163343,0.05893150904786743,0.0,2024-12-01,2025-03-31,2024-12-20,21823.0,,43.0,1,149.1009589006626,
Eastern Equatoria,62526.0,96676.0,2018-11-01,R4,4.0,2.0,1.0,1.0,1.0,,,,,,83.5015294922,,,1206088.3959870432,994189.0,372681.0,58617.0,0.0,0.3748593074355077,0.058959614318806586,0.0,2018-10-01,2018-12-31,,,,,0,51.8419712916894,80.15664550099741
Eastern Equatoria,57915.0,112220.0,2019-03-01,R5,1.0,20.0,1.0,1.0,1.0,715.2857142857143,4.627142857142857,1.0,7.0,,87.2413641500032,,,1206088.3959870432,1031669.0,590441.0,150579.0,0.0,0.5723163146319217,0.14595669735157304,0.0,2019-02-01,2019-04-30,,,,,0,48.01886842846482,93.0445897443205
Eastern Equatoria,69399.0,98190.0,2019-06-01,R6,4.0,2.0,2.0,1.0,2.0,3072.2916666666665,19.538333333333338,1.0,12.0,,87.2413641500032,,,1206088.3959870432,1031669.0,585689.0,136108.0,0.0,0.5677101861158957,0.13192991162863282,0.0,2019-05-01,2019-07-31,,,,,0,57.54055857838262,81.41194320972046
Eastern Equatoria,61225.0,101498.0,2019-11-01,R7,2.0,0.0,1.0,1.0,1.0,,,,,,87.2413641500032,,,1206088.3959870432,1067162.0,378545.0,58642.0,0.0,0.35472121383632477,0.054951356963610025,0.0,2019-09-01,2019-12-31,,,,,0,50.76327755387651,84.15469408188419
Eastern Equatoria,60076.0,106265.0,2020-03-01,R8,3.0,2.0,2.0,2.0,2.0,6051.690476190476,38.147619047619045,2.0,28.0,,29.6758435538572,,,1206088.3959870432,1067162.0,461839.0,119168.0,0.0,0.4327730934947084,0.11166814410558097,0.0,2020-02-01,2020-04-30,,,,,0,49.81061106291034,88.10714069845142
Eastern Equatoria,49511.0,121215.0,2020-09-01,R9,4.0,4.0,3.0,2.0,3.0,5020.341578947368,30.70921052631579,2.0,30.0,,29.6758435538572,,,1206088.3959870432,,,,,,,,,,,,,,0,41.050888280440674,100.50258372712359
Eastern Equatoria,88103.0,157010.0,2020-12-01,R10,9.0,7.0,2.0,2.0,2.0,9627.896666666667,55.18395833333333,2.0,33.0,,29.6758435538572,,,1206088.3959870432,1097900.0,417000.0,76000.0,0.0,0.3798160123872848,0.06922306220967302,0.0,2020-12-01,2021-03-31,,,,,0,73.0485429535187,130.18117123289755
Eastern Equatoria,109739.0,168678.0,2021-09-01,R11,12.0,8.0,7.0,3.0,3.0,8629.48975609756,49.22390243902439,2.0,29.0,,10.5167158294358,,,1206088.3959870432,,,,,,,,,,,,,,0,90.9875265901977,139.8554206816298
Eastern Equatoria,104195.0,166262.0,2021-12-01,R12,15.0,31.0,9.0,6.0,4.0,8818.61675,21.250750000000004,2.0,26.0,,10.5167158294358,,,1206088.3959870432,,,,,,,,,,,,,,0,86.39084858678912,137.85225075806642
Eastern Equatoria,130814.0,190990.0,2022-08-01,R13,19.0,19.0,8.0,6.0,3.0,11110.137111111111,17.401555555555554,2.0,28.0,,-6.68732094212668,,,1206088.3959870432,,,,,,,,,,,,,,0,108.46137019081752,158.354893916127
Eastern Equatoria,96327.0,,2023-04-01,R14,15.0,39.0,9.0,4.0,3.0,5537.509074074074,6.6037037037037045,2.0,34.0,,2.38280434813754,,,1206088.3959870432,1127486.0,578536.0,213442.0,0.0,0.5131203402969083,0.18930789384524507,0.0,2023-04-01,2023-07-31,2022-11-30,8400.0,,122.0,1,79.8672803092244,
Eastern Equatoria,76435.0,,2024-09-01,R15,14.0,6.0,9.0,4.0,4.0,12766.600625,4.18875,1.0,16.0,,91.4408220769046,,,1206088.3959870432,1161311.0,464000.0,132000.0,0.0,0.39954844137358553,0.1136646428045545,0.0,2024-09-01,2024-11-30,2022-11-30,8400.0,,641.0,1,63.37429350478647,
Eastern Equatoria,99184.0,,2025-02-01,R16,,,,,,27873.912,6.326,1.0,15.0,,,,,1206088.3959870432,1161306.0,482000.0,168000.0,0.0,0.4150499523811984,0.1446647136930318,0.0,2024-12-01,2025-03-31,2024-12-20,18178.0,,43.0,1,82.23609507396796,
Jonglei,122983.0,200206.0,2018-11-01,R4,8.0,18.0,3.0,4.0,2.0,439.625,2.92,1.0,2.0,,83.5015294922,,,2138577.806145419,1744474.0,942983.0,198889.0,14496.0,0.5405543447480444,0.11401087089862044,0.008309668129189658,2018-10-01,2018-12-31,,,,,0,57.50690933320076,93.61642088713718
Jonglei,190866.0,199500.0,2019-03-01,R5,7.0,8.0,3.0,4.0,2.0,2614.8333333333335,16.914166666666663,1.0,12.0,,87.2413641500032,,,2138577.806145419,1810241.0,1187891.0,295751.0,20160.0,0.6562059968810783,0.16337658908399488,0.011136638712745983,2019-02-01,2019-04-30,,,,,0,89.24903244180656,93.28629495111969
Jonglei,184753.0,191052.0,2019-06-01,R6,4.0,2.0,4.0,2.0,3.0,1197.2727272727273,7.616363636363636,1.0,11.0,,87.2413641500032,,,2138577.806145419,1810241.0,1230060.0,339931.0,10236.0,0.6795006852678732,0.1877821792788916,0.005654495727364478,2019-05-01,2019-07-31,,,,,0,86.39059073235197,89.33600613033242
Jonglei,196055.0,189024.0,2019-11-01,R7,9.0,7.0,5.0,3.0,3.0,,,,,,87.2413641500032,,,2138577.806145419,1931052.0,1000816.0,194848.0,0.0,0.5182750127909554,0.10090251324148702,0.0,2019-09-01,2019-12-31,,,,,0,91.67541131148757,88.38771236511504
Jonglei,207154.0,193886.0,2020-03-01,R8,17.0,16.0,6.0,3.0,2.0,9628.766666666666,60.69533333333333,1.0,15.0,,29.6758435538572,,,2138577.806145419,1931052.0,1346417.0,445346.0,20770.0,0.6972453357030262,0.2306235150581134,0.010755795286714186,2020-02-01,2020-04-30,,,,,0,96.86530899400626,90.66118587916186
Jonglei,243989.0,210137.0,2020-09-01,R9,9.0,1.0,5.0,2.0,4.0,2609.7847058823527,15.96470588235294,1.0,17.0,,29.6758435538572,,,2138577.806145419,,,,,,,,,,,,,,0,114.08937252545734,98.26016121375156
Jonglei,261268.0,180804.0,2020-12-01,R10,21.0,7.0,8.0,8.0,4.0,9821.521739130434,56.29260869565218,1.0,23.0,,29.6758435538572,,,2138577.806145419,,,,,,,,,,,,,,0,122.16904114931899,84.54403645284332
Jonglei,297469.0,184331.0,2021-09-01,R11,20.0,21.0,11.0,10.0,2.0,6876.447631578948,39.22342105263158,2.0,28.0,,10.5167158294358,,,2138577.806145419,,,,,,,,,,,,,,0,139.09664597902065,86.19326333150298
Jonglei,305223.0,193081.0,2021-12-01,R12,47.0,32.0,15.0,16.0,4.0,9115.841351351351,21.966216216216218,2.0,31.0,,10.5167158294358,,,2138577.806145419,,,,,,,,,,,,,,0,142.7224200695018,90.28476749602576
Jonglei,390233.0,249772.0,2022-08-01,R13,27.0,37.0,10.0,7.0,5.0,10280.698695652174,16.102391304347826,2.0,33.0,,-6.68732094212668,,,2138577.806145419,,,,,,,,,,2021-12-13,322759.0,,231.0,1,182.4731365296255,116.79350607784995
Jonglei,458035.0,,2023-04-01,R14,62.0,82.0,11.0,7.0,4.0,3382.5506521739135,4.033478260869565,3.0,27.0,,2.38280434813754,,,2138577.806145419,2035636.0,1510907.0,690413.0,36374.0,0.7422284730668941,0.33916328852506045,0.017868616982603964,2023-04-01,2023-07-31,2022-11-30,86381.0,,122.0,1,214.17738399967973,
Jonglei,434772.0,,2024-09-01,R15,16.0,21.0,8.0,3.0,3.0,31255.74234042553,10.253191489361702,4.0,22.0,,91.4408220769046,,,2138577.806145419,2096706.0,1112000.0,366000.0,0.0,0.5303557103380254,0.17455952336665226,0.0,2024-09-01,2024-11-30,2022-11-30,86381.0,,641.0,1,203.29959412776043,
Jonglei,358606.0,,2025-02-01,R16,,,,,,22000.434074074074,4.994629629629629,4.0,23.0,,,,,2138577.806145419,2096703.0,1078000.0,350000.0,0.0,0.5141405339716688,0.16692874479599637,0.0,2024-12-01,2025-03-31,2024-12-20,433323.0,,43.0,1,167.6843362768984,
Lakes,161673.0,45817.0,2018-11-01,R4,4.0,4.0,3.0,3.0,2.0,,,,,,83.5015294922,,,1251317.8931699602,1225771.0,670496.0,150160.0,0.0,0.546999398745769,0.12250249026938963,0.0,2018-10-01,2018-12-31,,,,,0,129.20218026326967,36.614996277190535
Lakes,203088.0,69129.0,2019-03-01,R5,2.0,5.0,2.0,2.0,1.0,2703.6363636363635,17.488636363636363,2.0,13.0,,87.2413641500032,,,1251317.8931699602,1271983.0,778737.0,223783.0,18735.0,0.6122228048645304,0.175932382744109,0.014728970434353289,2019-02-01,2019-04-30,,,,,0,162.29928550411577,55.244954441493434
Lakes,160079.0,97227.0,2019-06-01,R6,3.0,4.0,3.0,2.0,3.0,2454.478260869565,15.609130434782609,2.0,16.0,,87.2413641500032,,,1251317.8931699602,1271983.0,806850.0,253867.0,18735.0,0.6343245153433654,0.19958364223421224,0.014728970434353289,2019-05-01,2019-07-31,,,,,0,127.92832330917308,77.69968009783278
Lakes,206455.0,72012.0,2019-11-01,R7,8.0,86.0,3.0,2.0,2.0,1768.3,11.221,2.0,12.0,,87.2413641500032,,,1251317.8931699602,1137753.0,462140.0,99382.0,0.0,0.40618658003978014,0.0873493631746082,0.0,2019-09-01,2019-12-31,,,,,0,164.9900485934778,57.548925331493656
Lakes,187241.0,69322.0,2020-03-01,R8,10.0,70.0,5.0,4.0,2.0,2641.0,16.64777777777778,2.0,25.0,,29.6758435538572,,,1251317.8931699602,1137753.0,655532.0,158294.0,0.0,0.5761637191903691,0.1391286157891915,0.0,2020-02-01,2020-04-30,,,,,0,149.63503760476314,55.39919182677614
Lakes,186983.0,72911.0,2020-09-01,R9,9.0,27.0,7.0,5.0,2.0,9659.892272727271,59.08909090909091,1.0,21.0,,29.6758435538572,,,1251317.8931699602,,,,,,,,,,,,,,0,149.42885498609508,58.26736786708513
Lakes,186568.0,61576.0,2020-12-01,R10,28.0,87.0,14.0,7.0,3.0,12409.991363636364,71.13000000000001,1.0,22.0,,29.6758435538572,,,1251317.8931699602,1180247.0,499000.0,113000.0,0.0,0.4227928560716528,0.09574267081382118,0.0,2020-12-01,2021-03-31,,,,,0,149.09720464986543,49.208918322113725
Lakes,208277.0,61549.0,2021-09-01,R11,10.0,22.0,6.0,5.0,3.0,3131.00652173913,17.860434782608696,2.0,30.0,,10.5167158294358,,,1251317.8931699602,,,,,,,,,,,,,,0,166.44611344314148,49.187341071322884
Lakes,214378.0,69733.0,2021-12-01,R12,15.0,6.0,7.0,5.0,4.0,9519.557666666666,22.94,1.0,28.0,,10.5167158294358,,,1251317.8931699602,,,,,,,,,,,,,,0,171.32177296443575,55.727645533259
Lakes,175222.0,89251.0,2022-08-01,R13,36.0,8.0,17.0,6.0,3.0,10286.50648148148,16.11148148148148,2.0,34.0,,-6.68732094212668,,,1251317.8931699602,,,,,,,,,,2021-12-13,61398.0,,231.0,1,140.02996437309034,71.32560038272982
Lakes,169678.0,,2023-04-01,R14,15.0,101.0,9.0,4.0,3.0,5099.102926829269,6.081707317073171,2.0,27.0,,2.38280434813754,,,1251317.8931699602,1212052.0,750179.0,245872.0,0.0,0.6189330160752179,0.2028559830766337,0.0,2023-04-01,2023-07-31,2022-11-30,93193.0,,122.0,1,135.59943554403682,
Lakes,115760.0,,2024-09-01,R15,10.0,18.0,7.0,8.0,3.0,15461.55277777778,5.073333333333333,1.0,18.0,,91.4408220769046,,,1251317.8931699602,1248413.0,567000.0,144000.0,0.0,0.4541766226401039,0.11534644384510574,0.0,2024-09-01,2024-11-30,2022-11-30,93193.0,,641.0,1,92.5104648721561,
Lakes,121604.0,,2025-02-01,R16,,,,,,38650.221875,8.773125,1.0,16.0,,,,,1251317.8931699602,1248409.0,491000.0,109000.0,0.0,0.3933005929947637,0.08731112960576222,0.0,2024-12-01,2025-03-31,2024-12-20,145854.0,,43.0,1,97.180740932219,
Northern Bahr el Ghazal,59757.0,77562.0,2018-11-01,R4,,,,,,,,,,,83.5015294922,,,1035433.9499753123,1401961.0,562375.0,154753.0,0.0,0.4011345536716071,0.11038324175922155,0.0,2018-10-01,2018-12-31,,,,,0,57.71203465119603,74.90772347366946
Northern Bahr el Ghazal,35291.0,102677.0,2019-03-01,R5,,,,,,2103.214285714286,13.605,1.0,14.0,,87.2413641500032,,,1035433.9499753123,1454815.0,903547.0,240079.0,0.0,0.6210734698226235,0.16502373153974903,0.0,2019-02-01,2019-04-30,,,,,0,34.08329425632745,99.16325421090173
Northern Bahr el Ghazal,23384.0,118165.0,2019-06-01,R6,,,,,,2424.9375,15.421875,1.0,16.0,,87.2413641500032,,,1035433.9499753123,1454815.0,960155.0,328951.0,0.0,0.6599842591669731,0.22611191113646753,0.0,2019-05-01,2019-07-31,,,,,0,22.583767898046556,114.12123390663149
Northern Bahr el Ghazal,127035.0,118150.0,2019-11-01,R7,1.0,1.0,1.0,1.0,1.0,1681.5,10.671,1.0,10.0,,87.2413641500032,,,1035433.9499753123,946905.0,449658.0,101613.0,0.0,0.47487129120661525,0.1073106594642546,0.0,2019-09-01,2019-12-31,,,,,0,122.68769051181765,114.10674722691586
Northern Bahr el Ghazal,76387.0,128903.0,2020-03-01,R8,,,,,,4045.057692307693,25.49923076923077,1.0,24.0,,29.6758435538572,,,1035433.9499753123,946905.0,570206.0,142205.0,0.0,0.6021786768472022,0.15017874021153124,0.0,2020-02-01,2020-04-30,,,,,0,73.77293356261042,124.49176502573961
Northern Bahr el Ghazal,64893.0,136566.0,2020-09-01,R9,1.0,2.0,1.0,1.0,1.0,4632.8108,28.3396,1.0,24.0,,29.6758435538572,,,1035433.9499753123,,,,,,,,,,,,,,0,62.67227378583369,131.89252680314002
Northern Bahr el Ghazal,41516.0,141873.0,2020-12-01,R10,2.0,0.0,2.0,1.0,2.0,2784.3857575757575,15.959090909090907,1.0,31.0,,29.6758435538572,,,1035433.9499753123,912347.0,551000.0,179000.0,0.0,0.6039368792794847,0.1961972802015023,0.0,2020-12-01,2021-03-31,,,,,0,40.0952663383211,137.01791408653605
Northern Bahr el Ghazal,17606.0,100317.0,2021-09-01,R11,1.0,0.0,1.0,1.0,1.0,7103.466636363637,40.51927272727273,4.0,36.0,,10.5167158294358,,,1035433.9499753123,,,,,,,,,,,,,,0,17.003498871579183,96.88401660230654
Northern Bahr el Ghazal,26934.0,95337.0,2021-12-01,R12,8.0,9.0,4.0,1.0,2.0,6006.198723404256,14.473297872340426,4.0,36.0,,10.5167158294358,,,1035433.9499753123,,,,,,,,,,,,,,0,26.012282097416435,92.0744389367116
Northern Bahr el Ghazal,50709.0,97944.0,2022-08-01,R13,1.0,0.0,1.0,1.0,1.0,9724.138181818182,15.23070707070707,4.0,35.0,,-6.68732094212668,,,1035433.9499753123,,,,,,,,,,2021-12-13,64800.0,,231.0,1,48.97366944671753,94.59222387129113
Northern Bahr el Ghazal,32023.0,,2023-04-01,R14,3.0,9.0,2.0,2.0,3.0,5645.101472868217,6.731937984496124,5.0,35.0,,2.38280434813754,,,1035433.9499753123,936932.0,655802.0,277225.0,0.0,0.6999462074088622,0.2958859340912681,0.0,2023-04-01,2023-07-31,2022-11-30,251763.0,,122.0,1,30.927129635611735,
Northern Bahr el Ghazal,35465.0,,2024-09-01,R15,,,,,,15012.28642857143,4.925,5.0,25.0,,91.4408220769046,,,1035433.9499753123,965039.0,494000.0,191000.0,0.0,0.5118964104041391,0.1979194623222481,0.0,2024-09-01,2024-11-30,2022-11-30,251763.0,,641.0,1,34.25133974102895,
Northern Bahr el Ghazal,55852.0,,2025-02-01,R16,,,,,,22214.6925,5.043269230769231,3.0,25.0,,,,,1035433.9499753123,965037.0,393000.0,126000.0,0.0,0.4072382716932097,0.13056494206957867,0.0,2024-12-01,2025-03-31,2024-12-20,286308.0,,43.0,1,53.940669031889165,
Unity,201385.0,82508.0,2018-11-01,R4,18.0,0.0,4.0,1.0,1.0,,,,,,83.5015294922,,,1212629.3677277463,854095.0,491939.0,79008.0,9615.0,0.5759769112335279,0.09250493212113406,0.011257529900069665,2018-10-01,2018-12-31,,,,,0,166.07300248497197,68.04057546008923
Unity,217031.0,110161.0,2019-03-01,R5,5.0,10.0,2.0,4.0,2.0,1575.3308333333334,10.19,2.0,16.0,,87.2413641500032,,,1212629.3677277463,886296.0,628637.0,138152.0,4780.0,0.7092856111276594,0.1558756893859388,0.005393232057912932,2019-02-01,2019-04-30,,,,,0,178.97554337371676,90.84474030710827
Unity,247278.0,128782.0,2019-06-01,R6,4.0,1.0,1.0,1.0,1.0,1683.2727272727273,10.706363636363635,1.0,11.0,,87.2413641500032,,,1212629.3677277463,886296.0,660788.0,159138.0,9561.0,0.7455613023188641,0.17955400904438246,0.010787592407051369,2019-05-01,2019-07-31,,,,,0,203.91886142701244,106.20062768339082
Unity,247614.0,132875.0,2019-11-01,R7,3.0,2.0,2.0,2.0,2.0,496.75,3.1525000000000003,1.0,8.0,,87.2413641500032,,,1212629.3677277463,1059682.0,572585.0,99211.0,0.0,0.5403366292906739,0.09362337002987689,0.0,2019-09-01,2019-12-31,,,,,0,204.19594526560493,109.57593765767388
Unity,225963.0,170644.0,2020-03-01,R8,3.0,27.0,3.0,2.0,2.0,4769.373134328358,30.063432835820898,4.0,31.0,,29.6758435538572,,,1212629.3677277463,1059682.0,553632.0,83019.0,0.0,0.522451074945125,0.07834331431504923,0.0,2020-02-01,2020-04-30,,,,,0,186.34135541630073,140.72230521660282
Unity,196666.0,189702.0,2020-09-01,R9,5.0,23.0,3.0,1.0,2.0,5073.428181818182,26.534318181818183,4.0,35.0,,29.6758435538572,,,1212629.3677277463,,,,,,,,,,,,,,0,162.1814589304541,156.43856651391195
Unity,212720.0,185666.0,2020-12-01,R10,8.0,6.0,7.0,5.0,3.0,3675.661808510638,21.067659574468085,4.0,38.0,,29.6758435538572,,,1212629.3677277463,,,,,,,,,,,,,,0,175.42045876606122,153.11026183367582
Unity,301011.0,171095.0,2021-09-01,R11,7.0,10.0,5.0,6.0,2.0,7201.9133999999995,41.0813,4.0,38.0,,10.5167158294358,,,1212629.3677277463,,,,,,,,,,,,,,0,248.23000993621122,141.09422429757075
Unity,382586.0,167110.0,2021-12-01,R12,18.0,37.0,12.0,8.0,2.0,4492.052592592592,10.825185185185184,2.0,33.0,,10.5167158294358,,,1212629.3677277463,,,,,,,,,,,,,,0,315.50118295163736,137.80797698569242
Unity,439361.0,138720.0,2022-08-01,R13,7.0,8.0,5.0,3.0,3.0,7029.261951219512,11.009756097560976,3.0,35.0,,-6.68732094212668,,,1212629.3677277463,,,,,,,,,,2021-12-13,220382.0,,231.0,1,362.3209297852361,114.39604193318922
Unity,464393.0,,2023-04-01,R14,6.0,7.0,3.0,2.0,2.0,6699.52734375,7.9903125,3.0,30.0,,2.38280434813754,,,1212629.3677277463,1125769.0,868832.0,354216.0,7436.0,0.7717675651043864,0.3146435902925023,0.006605262713753887,2023-04-01,2023-07-31,2022-11-30,168128.0,,122.0,1,382.9636757603773,
Unity,416797.0,,2024-09-01,R15,3.0,3.0,3.0,2.0,1.0,19978.561860465117,6.554418604651162,3.0,22.0,,91.4408220769046,,,1212629.3677277463,1159541.0,703000.0,177000.0,0.0,0.6062743792586894,0.15264660758006832,0.0,2024-09-01,2024-11-30,2022-11-30,168128.0,,641.0,1,343.71343057689927,
Unity,474071.0,,2025-02-01,R16,,,,,,27762.26272727273,6.301818181818181,3.0,22.0,,,,,1212629.3677277463,1159537.0,749000.0,204000.0,0.0,0.645947477312065,0.17593229021583615,0.0,2024-12-01,2025-03-31,2024-12-20,199024.0,,43.0,1,390.94467989697915,
Upper Nile,140562.0,60200.0,2018-11-01,R4,1.0,0.0,1.0,1.0,1.0,,,,,,83.5015294922,,,1692780.990204768,992605.0,455292.0,97292.0,979.0,0.45868396794293803,0.0980168344910614,0.0009862936414787352,2018-10-01,2018-12-31,,,,,0,83.03614041825745,35.56278121525802
Upper Nile,217144.0,217291.0,2019-03-01,R5,5.0,19.0,4.0,3.0,2.0,3507.05,22.685,1.0,10.0,,87.2413641500032,,,1692780.990204768,1033738.0,568338.0,99456.0,1016.0,0.5497892115797233,0.0962100648326752,0.0009828409132681588,2019-02-01,2019-04-30,,,,,0,128.2764877775081,128.36332712698723
Upper Nile,180548.0,164068.0,2019-06-01,R6,3.0,5.0,2.0,2.0,2.0,3082.9166666666665,19.605833333333333,1.0,12.0,,87.2413641500032,,,1692780.990204768,1033738.0,574912.0,120322.0,0.0,0.5561486566228581,0.11639506335260966,0.0,2019-05-01,2019-07-31,,,,,0,106.65762496432566,96.92216592068029
Upper Nile,215888.0,247203.0,2019-11-01,R7,3.0,0.0,2.0,2.0,2.0,,,,,,87.2413641500032,,,1692780.990204768,1377076.0,649446.0,142524.0,0.0,0.4716123147887263,0.10349755569046298,0.0,2019-09-01,2019-12-31,,,,,0,127.53451347175454,146.03365788630282
Upper Nile,233814.0,289471.0,2020-03-01,R8,,,,,,5639.04347826087,35.546086956521734,4.0,35.0,,29.6758435538572,,,1692780.990204768,1377076.0,816097.0,234276.0,0.0,0.592630326866491,0.17012568659972288,0.0,2020-02-01,2020-04-30,,,,,0,138.12418815721495,171.0032199528564
Upper Nile,219012.0,312829.0,2020-09-01,R9,1.0,1.0,1.0,1.0,1.0,6695.629047619047,40.95702380952381,4.0,37.0,,29.6758435538572,,,1692780.990204768,,,,,,,,,,,,,,0,129.37999733415433,184.80181536192612
Upper Nile,243268.0,333217.0,2020-12-01,R10,6.0,7.0,6.0,3.0,3.0,5264.285714285715,30.173333333333332,2.0,30.0,,29.6758435538572,,,1692780.990204768,1459701.0,858000.0,224000.0,0.0,0.5877916093775369,0.15345608449949683,0.0,2020-12-01,2021-03-31,,,,,0,143.70908074208285,196.84590146519324
Upper Nile,207004.0,361232.0,2021-09-01,R11,8.0,20.0,3.0,3.0,2.0,6985.071285714285,39.843857142857146,3.0,38.0,,10.5167158294358,,,1692780.990204768,,,,,,,,,,,,,,0,122.28634489507097,213.3955910955164
Upper Nile,210813.0,395325.0,2021-12-01,R12,16.0,50.0,8.0,6.0,5.0,7342.243125,17.6928125,3.0,33.0,,10.5167158294358,,,1692780.990204768,,,,,,,,,,,,,,0,124.53648831116594,233.53582199205778
Upper Nile,236806.0,389525.0,2022-08-01,R13,22.0,63.0,7.0,3.0,6.0,7337.74603960396,11.493663366336632,4.0,37.0,,-6.68732094212668,,,1692780.990204768,,,,,,,,,,2021-12-13,141348.0,,231.0,1,139.8916938282457,230.10950752281366
Upper Nile,249684.0,,2023-04-01,R14,15.0,13.0,11.0,5.0,4.0,4534.607708333334,5.407916666666666,5.0,31.0,,2.38280434813754,,,1692780.990204768,1525146.0,1014683.0,375170.0,0.0,0.6653022071329564,0.24598956427778063,0.0,2023-04-01,2023-07-31,2022-11-30,153436.0,,122.0,1,147.49929343771566,
Upper Nile,238410.0,,2024-09-01,R15,12.0,12.0,8.0,8.0,4.0,24014.49186440678,7.877966101694915,5.0,23.0,,91.4408220769046,,,1692780.990204768,1570900.0,898000.0,237000.0,10000.0,0.5716468266598765,0.15086892863963333,0.006365777579731364,2024-09-01,2024-11-30,2022-11-30,153436.0,,641.0,1,140.8392470021539,
Upper Nile,225876.0,,2025-02-01,R16,,,,,,33016.47485714286,7.495714285714286,3.0,18.0,,,,,1692780.990204768,1570894.0,797000.0,206000.0,0.0,0.5073544109277902,0.13113551901019418,0.0,2024-12-01,2025-03-31,2024-12-20,99549.0,,43.0,1,133.43486328534254,
Warrap,67061.0,686.0,2018-11-01,R4,2.0,11.0,2.0,2.0,1.0,,,,,,83.5015294922,,,1367155.7505772153,1390597.0,208590.0,69530.0,0.0,0.15000032360202128,0.05000010786734043,0.0,2018-10-01,2018-12-31,,,,,0,49.05147052315491,0.5017716523595572
Warrap,107766.0,16225.0,2019-03-01,R5,6.0,23.0,5.0,2.0,2.0,1917.9166666666667,12.407499999999999,1.0,12.0,,87.2413641500032,,,1367155.7505772153,1443023.0,632382.0,151420.0,0.0,0.4382341792195966,0.10493249241349584,0.0,2019-02-01,2019-04-30,,,,,0,78.8249619361225,11.867704168416642
Warrap,149387.0,26931.0,2019-06-01,R6,3.0,19.0,2.0,2.0,2.0,1650.076923076923,10.493076923076924,1.0,13.0,,87.2413641500032,,,1367155.7505772153,1443023.0,745114.0,224959.0,0.0,0.5163562881534113,0.1558942580956783,0.0,2019-05-01,2019-07-31,,,,,0,109.26845747964603,19.698560305678186
Warrap,233198.0,26518.0,2019-11-01,R7,3.0,17.0,3.0,2.0,2.0,,,,,,87.2413641500032,,,1367155.7505772153,1222397.0,264666.0,74235.0,0.0,0.2165139475964028,0.06072904301957548,0.0,2019-09-01,2019-12-31,,,,,0,170.57164108883967,19.396473290482124
Warrap,246697.0,41987.0,2020-03-01,R8,15.0,101.0,6.0,6.0,2.0,5801.7,36.57066666666666,1.0,15.0,,29.6758435538572,,,1367155.7505772153,1222397.0,543108.0,150768.0,0.0,0.44429755635853163,0.1233379990297751,0.0,2020-02-01,2020-04-30,,,,,0,180.44542466785086,30.711204617522927
Warrap,287355.0,47614.0,2020-09-01,R9,2.0,3.0,2.0,2.0,2.0,2621.378,16.0348,1.0,23.0,,29.6758435538572,,,1367155.7505772153,,,,,,,,,,,,,,0,210.18453813962182,34.827048768874576
Warrap,321874.0,56283.0,2020-12-01,R10,9.0,31.0,5.0,5.0,2.0,2543.181818181818,14.577272727272726,1.0,21.0,,29.6758435538572,,,1367155.7505772153,1262488.0,647000.0,230000.0,0.0,0.5124801186229097,0.18217994943318272,0.0,2020-12-01,2021-03-31,,,,,0,235.43330733466487,41.167950305762325
Warrap,389332.0,79116.0,2021-09-01,R11,4.0,3.0,3.0,1.0,2.0,9363.157894736842,53.40789473684211,1.0,18.0,,10.5167158294358,,,1367155.7505772153,,,,,,,,,,,,,,0,284.77516174409783,57.86904671731593
Warrap,428899.0,163017.0,2021-12-01,R12,43.0,147.0,15.0,9.0,3.0,,,,,,10.5167158294358,,,1367155.7505772153,,,,,,,,,,,,,,0,313.7162681127722,119.23806042667339
Warrap,275871.0,272888.0,2022-08-01,R13,18.0,17.0,9.0,5.0,3.0,11217.6812,17.57,2.0,30.0,,-6.68732094212668,,,1367155.7505772153,,,,,,,,,,2021-12-13,23000.0,,231.0,1,201.78461735872216,199.6027152610712
Warrap,140920.0,,2023-04-01,R14,16.0,48.0,7.0,7.0,3.0,7911.148965517242,9.435862068965516,1.0,27.0,,2.38280434813754,,,1367155.7505772153,1379259.0,885037.0,412894.0,0.0,0.6416757113783561,0.2993592936497061,0.0,2023-04-01,2023-07-31,2022-11-30,208133.0,,122.0,1,103.07530794534811,
Warrap,127176.0,,2024-09-01,R15,17.0,55.0,10.0,6.0,3.0,15792.9984,5.180600000000001,3.0,26.0,,91.4408220769046,,,1367155.7505772153,1335405.0,525000.0,158000.0,0.0,0.39313916003010324,0.11831616625667868,0.0,2024-09-01,2024-11-30,2022-11-30,208133.0,,641.0,1,93.02232020477994,
Warrap,240616.0,,2025-02-01,R16,,,,,,22969.356734693876,5.213877551020408,3.0,22.0,,,,,1367155.7505772153,1335402.0,656000.0,224000.0,0.0,0.49123784448428265,0.1677397517751209,0.0,2024-12-01,2025-03-31,2024-12-20,158646.0,,43.0,1,175.99750423345077,
Western Bahr el Ghazal,168875.0,94507.0,2018-11-01,R4,2.0,2.0,1.0,2.0,2.0,,,,,,83.5015294922,,,716421.1299688689,542050.0,225753.0,24545.0,0.0,0.4164800295175722,0.04528180057190296,0.0,2018-10-01,2018-12-31,,,,,0,235.72029485972618,131.91542801662854
Western Bahr el Ghazal,139189.0,123363.0,2019-03-01,R5,5.0,39.0,2.0,2.0,2.0,1469.1818181818182,9.503636363636364,1.0,11.0,,87.2413641500032,,,716421.1299688689,562485.0,258587.0,73045.0,0.0,0.45972248148839523,0.12986124074419764,0.0,2019-02-01,2019-04-30,,,,,0,194.28377273859618,172.1934136774561
Western Bahr el Ghazal,176662.0,162770.0,2019-06-01,R6,2.0,14.0,1.0,1.0,1.0,1345.5882352941176,8.557058823529411,1.0,17.0,,87.2413641500032,,,716421.1299688689,562485.0,281618.0,81256.0,0.0,0.5006675733575118,0.14445896335013378,0.0,2019-05-01,2019-07-31,,,,,0,246.58960018065994,227.1987706547306
Western Bahr el Ghazal,105465.0,180999.0,2019-11-01,R7,,,,,,1550.0,9.835714285714287,1.0,7.0,,87.2413641500032,,,716421.1299688689,646245.0,300811.0,50969.0,0.0,0.4654751680864069,0.07886946900943141,0.0,2019-09-01,2019-12-31,,,,,0,147.2109009467418,252.6433021425053
Western Bahr el Ghazal,71159.0,204312.0,2020-03-01,R8,5.0,4.0,2.0,1.0,1.0,1289.0172413793102,8.125172413793104,1.0,28.0,,29.6758435538572,,,716421.1299688689,646245.0,235441.0,21565.0,0.0,0.36432158082460986,0.03336969725104256,0.0,2020-02-01,2020-04-30,,,,,0,99.32565780561512,285.1842184063975
Western Bahr el Ghazal,64096.0,231582.0,2020-09-01,R9,1.0,1.0,1.0,1.0,1.0,3728.171714285714,22.80485714285714,1.0,33.0,,29.6758435538572,,,716421.1299688689,,,,,,,,,,,,,,0,89.46693127655965,323.248422349105
Western Bahr el Ghazal,50126.0,236987.0,2020-12-01,R10,3.0,4.0,2.0,1.0,3.0,3851.428571428571,22.075357142857143,1.0,27.0,,29.6758435538572,,,716421.1299688689,646729.0,189000.0,37000.0,0.0,0.29223987172370497,0.05721098017871473,0.0,2020-12-01,2021-03-31,,,,,0,69.9672272399031,330.79286761167685
Western Bahr el Ghazal,46292.0,243832.0,2021-09-01,R11,,,,,,4162.0,23.738999999999997,1.0,28.0,,10.5167158294358,,,716421.1299688689,,,,,,,,,,,,,,0,64.61562628954223,340.3473038415204
Western Bahr el Ghazal,44017.0,259567.0,2021-12-01,R12,3.0,2.0,2.0,2.0,3.0,,,,,,10.5167158294358,,,716421.1299688689,,,,,,,,,,,,,,0,61.44011972666509,362.3106426401453
Western Bahr el Ghazal,34353.0,277278.0,2022-08-01,R13,8.0,2.0,5.0,4.0,3.0,6918.1246875,10.835625,1.0,31.0,,-6.68732094212668,,,716421.1299688689,,,,,,,,,,2021-12-13,10000.0,,231.0,1,47.95084701297512,387.03213571052646
Western Bahr el Ghazal,29428.0,,2023-04-01,R14,1.0,0.0,1.0,0.0,1.0,7128.632307692308,8.501153846153846,1.0,24.0,,2.38280434813754,,,716421.1299688689,664156.0,316038.0,63432.0,0.0,0.4758490475129337,0.09550768193014894,0.0,2023-04-01,2023-07-31,2022-11-30,8767.0,,122.0,1,41.07639873949384,
Western Bahr el Ghazal,32232.0,,2024-09-01,R15,2.0,0.0,2.0,2.0,2.0,9601.3625,3.1505,1.0,20.0,,91.4408220769046,,,716421.1299688689,684081.0,256000.0,26000.0,0.0,0.3742246897662704,0.038007195054386836,0.0,2024-09-01,2024-11-30,2022-11-30,8767.0,,641.0,1,44.990297817431205,
Western Bahr el Ghazal,28412.0,,2025-02-01,R16,,,,,,8153.572105263158,1.8521052631578947,1.0,19.0,,,,,716421.1299688689,684079.0,187000.0,6000.0,0.0,0.2733602405570117,0.008770916809315884,0.0,2024-12-01,2025-03-31,2024-12-20,26850.0,,43.0,1,39.65823844591882,
Western Equatoria,102407.0,94214.0,2018-11-01,R4,,,,,,,,,,,83.5015294922,,,997821.2487983624,762002.0,127893.0,4262.0,0.0,0.1678381421571072,0.0055931611728053205,0.0,2018-10-01,2018-12-31,,,,,0,102.63060655736165,94.41971707202897
Western Equatoria,67778.0,126649.0,2019-03-01,R5,9.0,33.0,4.0,2.0,2.0,1102.3636363636363,7.131818181818182,1.0,11.0,,87.2413641500032,,,997821.2487983624,790729.0,265246.0,40694.0,0.0,0.33544488693345004,0.051463902297753085,0.0,2019-02-01,2019-04-30,,,,,0,67.92599384070286,126.92553917098728
Western Equatoria,63589.0,155158.0,2019-06-01,R6,1.0,2.0,1.0,1.0,1.0,4556.666666666667,28.97888888888889,1.0,9.0,,87.2413641500032,,,997821.2487983624,790729.0,294087.0,45594.0,0.0,0.37191882427481476,0.05766071561811948,0.0,2019-05-01,2019-07-31,,,,,0,63.727847123498094,155.49678881548252
Western Equatoria,64027.0,149394.0,2019-11-01,R7,1.0,1.0,1.0,1.0,1.0,370.0,2.3485714285714288,1.0,7.0,,87.2413641500032,,,997821.2487983624,861331.0,88359.0,9052.0,0.0,0.10258425622670031,0.010509316395206953,0.0,2019-09-01,2019-12-31,,,,,0,64.16680350023137,149.7202030723533
Western Equatoria,70916.0,175482.0,2020-03-01,R8,2.0,2.0,1.0,1.0,1.0,2346.7419354838707,14.794516129032258,2.0,21.0,,29.6758435538572,,,997821.2487983624,861331.0,162388.0,10155.0,0.0,0.1885314704799897,0.011789892619678149,0.0,2020-02-01,2020-04-30,,,,,0,71.07084569044947,175.86516644271325
Western Equatoria,68624.0,184284.0,2020-09-01,R9,3.0,1.0,1.0,1.0,1.0,1785.6013953488373,10.922325581395349,2.0,27.0,,29.6758435538572,,,997821.2487983624,,,,,,,,,,,,,,0,68.7738410889137,184.6863856847367
Western Equatoria,58408.0,202091.0,2020-12-01,R10,3.0,2.0,3.0,3.0,2.0,,,,,,29.6758435538572,,,997821.2487983624,914326.0,80000.0,2000.0,0.0,0.0874961447011241,0.0021874036175281025,0.0,2020-12-01,2021-03-31,,,,,0,58.53553436583807,202.5322674210139
Western Equatoria,96463.0,203428.0,2021-09-01,R11,41.0,117.0,6.0,5.0,4.0,2464.5533333333333,14.057575757575757,2.0,23.0,,10.5167158294358,,,997821.2487983624,,,,,,,,,,,,,,0,96.6736277826982,203.87218677190978
Western Equatoria,190974.0,206155.0,2021-12-01,R12,6.0,8.0,4.0,2.0,2.0,,,,,,10.5167158294358,,,997821.2487983624,,,,,,,,,,,,,,0,191.39099335675863,206.60514119965322
Western Equatoria,215856.0,236435.0,2022-08-01,R13,4.0,2.0,2.0,3.0,2.0,2907.350769230769,4.5543589743589745,2.0,26.0,,-6.68732094212668,,,997821.2487983624,,,,,,,,,,,,,,0,216.3273234158393,236.95125783774353
Western Equatoria,85305.0,,2023-04-01,R14,9.0,15.0,5.0,3.0,2.0,14390.132857142857,17.160476190476192,2.0,19.0,,2.38280434813754,,,997821.2487983624,968956.0,380099.0,73953.0,0.0,0.39227684229211646,0.0763223510665087,0.0,2023-04-01,2023-07-31,2022-11-30,111403.0,,122.0,1,85.49126419459348,
Western Equatoria,105650.0,,2024-09-01,R15,3.0,2.0,3.0,2.0,3.0,16313.1141025641,5.351282051282051,2.0,26.0,,91.4408220769046,,,997821.2487983624,996180.0,219000.0,28000.0,0.0,0.21983978799012227,0.028107370153988235,0.0,2024-09-01,2024-11-30,2022-11-30,111403.0,,641.0,1,105.88068767550321,
Western Equatoria,137956.0,,2025-02-01,R16,,,,,,13250.67205882353,3.0091176470588237,2.0,24.0,,,,,997821.2487983624,996174.0,153000.0,7000.0,0.0,0.15358762625806335,0.0070268848614800225,0.0,2024-12-01,2025-03-31,2024-12-20,2655.0,,43.0,1,138.257228101862,
